{"playerData":{"playerStats":[100.0,1915.0,92.0],"playerPositionAndRotation":[46.2982177734375,1.9299997091293336,272.0741882324219,0.07360869646072388,-0.0034653255715966226,0.0002557734842412174],"inventoryContent":["Axe","Axe","Stick","Stone","Stick","Stone","Stick","Stone","Stick"],"quickSlotsContent":[]},"enviromentData":{"pickedupItems":["Stick (8)","Stone (5)","Stick (7)","Stone (4)","Stick (6)","Stone (7)","Stick (9)"]}}