{"playerData":{"playerStats":[100.0,1985.0,88.0],"playerPositionAndRotation":[34.27339553833008,1.929999589920044,247.1004180908203,-0.1507994830608368,0.05768159404397011,-0.008814344182610512],"inventoryContent":["Axe","Stone","Stone","Stone"],"quickSlotsContent":[]},"enviromentData":{"pickedupItems":["Stone (4)","Stick (7)","Stick (9)","Stick (8)"]}}