{"playerData":{"playerStats":[100.0,1994.0,98.0],"playerPositionAndRotation":[40.0431022644043,1.9299997091293336,249.50680541992188,-0.1433527171611786,-0.27761194109916689,0.041934605687856677],"inventoryContent":[],"quickSlotsContent":[]},"enviromentData":{"pickedupItems":[]}}